Codon,1. The Standard Code (transl_table=1),2. The Vertebrate Mitochondrial Code (transl_table=2),3. The Yeast Mitochondrial Code (transl_table=3),"4. The Mold, Protozoan, and Coelenterate Mitochondrial Code and the Mycoplasma/Spiroplasma Code (transl_table=4)",5. The Invertebrate Mitochondrial Code (transl_table=5),"6. The Ciliate, Dasycladacean and Hexamita Nuclear Code (transl_table=6)",9. The Echinoderm and Flatworm Mitochondrial Code (transl_table=9),10. The Euplotid Nuclear Code (transl_table=10),"11. The Bacterial, Archaeal and Plant Plastid Code (transl_table=11)",12. The Alternative Yeast Nuclear Code (transl_table=12),13. The Ascidian Mitochondrial Code (transl_table=13),14. The Alternative Flatworm Mitochondrial Code (transl_table=14),15. Blepharisma Nuclear Code (transl_table=15),16. Chlorophycean Mitochondrial Code (transl_table=16),21. Trematode Mitochondrial Code (transl_table=21),22. Scenedesmus obliquus Mitochondrial Code (transl_table=22),23. Thraustochytrium Mitochondrial Code (transl_table=23),24. Rhabdopleuridae Mitochondrial Code (transl_table=24),25. Candidate Division SR1 and Gracilibacteria Code (transl_table=25),26. Pachysolen tannophilus Nuclear Code (transl_table=26),27. Karyorelict Nuclear Code (transl_table=27),28. Condylostoma Nuclear Code (transl_table=28),29. Mesodinium Nuclear Code (transl_table=29),30. Peritrich Nuclear Code (transl_table=30),31. Blastocrithidia Nuclear Code (transl_table=31),32. Balanophoraceae Plastid Code (transl_table=32),33. Cephalodiscidae Mitochondrial UAA-Tyr Code (transl_table=33)
TTT,F,F,F,F,F,F,F,F,F,F,F,F,F,F,F,F,F,F,F,F,F,F,F,F,F,F,F
TTC,F,F,F,F,F,F,F,F,F,F,F,F,F,F,F,F,F,F,F,F,F,F,F,F,F,F,F
TTA,L,L,L,L,L,L,L,L,L,L,L,L,L,L,L,L,*,L,L,L,L,L,L,L,L,L,L
TTG,L,L,L,L,L,L,L,L,L,L,L,L,L,L,L,L,L,L,L,L,L,L,L,L,L,L,L
TCT,S,S,S,S,S,S,S,S,S,S,S,S,S,S,S,S,S,S,S,S,S,S,S,S,S,S,S
TCC,S,S,S,S,S,S,S,S,S,S,S,S,S,S,S,S,S,S,S,S,S,S,S,S,S,S,S
TCA,S,S,S,S,S,S,S,S,S,S,S,S,S,S,S,*,S,S,S,S,S,S,S,S,S,S,S
TCG,S,S,S,S,S,S,S,S,S,S,S,S,S,S,S,S,S,S,S,S,S,S,S,S,S,S,S
TAT,Y,Y,Y,Y,Y,Y,Y,Y,Y,Y,Y,Y,Y,Y,Y,Y,Y,Y,Y,Y,Y,Y,Y,Y,Y,Y,Y
TAC,Y,Y,Y,Y,Y,Y,Y,Y,Y,Y,Y,Y,Y,Y,Y,Y,Y,Y,Y,Y,Y,Y,Y,Y,Y,Y,Y
TAA,*,*,*,*,*,Q,*,*,*,*,*,Y,*,*,*,*,*,*,*,*,Q,Q,Y,E,E,*,Y
TAG,*,*,*,*,*,Q,*,*,*,*,*,*,Q,L,*,L,*,*,*,*,Q,Q,Y,E,E,W,*
TGT,C,C,C,C,C,C,C,C,C,C,C,C,C,C,C,C,C,C,C,C,C,C,C,C,C,C,C
TGC,C,C,C,C,C,C,C,C,C,C,C,C,C,C,C,C,C,C,C,C,C,C,C,C,C,C,C
TGA,*,W,W,W,W,*,W,C,*,*,W,W,*,*,W,*,*,W,G,*,W,W,*,*,W,*,W
TGG,W,W,W,W,W,W,W,W,W,W,W,W,W,W,W,W,W,W,W,W,W,W,W,W,W,W,W
CTT,L,L,T,L,L,L,L,L,L,L,L,L,L,L,L,L,L,L,L,L,L,L,L,L,L,L,L
CTC,L,L,T,L,L,L,L,L,L,L,L,L,L,L,L,L,L,L,L,L,L,L,L,L,L,L,L
CTA,L,L,T,L,L,L,L,L,L,L,L,L,L,L,L,L,L,L,L,L,L,L,L,L,L,L,L
CTG,L,L,T,L,L,L,L,L,L,S,L,L,L,L,L,L,L,L,L,A,L,L,L,L,L,L,L
CCT,P,P,P,P,P,P,P,P,P,P,P,P,P,P,P,P,P,P,P,P,P,P,P,P,P,P,P
CCC,P,P,P,P,P,P,P,P,P,P,P,P,P,P,P,P,P,P,P,P,P,P,P,P,P,P,P
CCA,P,P,P,P,P,P,P,P,P,P,P,P,P,P,P,P,P,P,P,P,P,P,P,P,P,P,P
CCG,P,P,P,P,P,P,P,P,P,P,P,P,P,P,P,P,P,P,P,P,P,P,P,P,P,P,P
CAT,H,H,H,H,H,H,H,H,H,H,H,H,H,H,H,H,H,H,H,H,H,H,H,H,H,H,H
CAC,H,H,H,H,H,H,H,H,H,H,H,H,H,H,H,H,H,H,H,H,H,H,H,H,H,H,H
CAA,Q,Q,Q,Q,Q,Q,Q,Q,Q,Q,Q,Q,Q,Q,Q,Q,Q,Q,Q,Q,Q,Q,Q,Q,Q,Q,Q
CAG,Q,Q,Q,Q,Q,Q,Q,Q,Q,Q,Q,Q,Q,Q,Q,Q,Q,Q,Q,Q,Q,Q,Q,Q,Q,Q,Q
CGT,R,R,R,R,R,R,R,R,R,R,R,R,R,R,R,R,R,R,R,R,R,R,R,R,R,R,R
CGC,R,R,R,R,R,R,R,R,R,R,R,R,R,R,R,R,R,R,R,R,R,R,R,R,R,R,R
CGA,R,R,R,R,R,R,R,R,R,R,R,R,R,R,R,R,R,R,R,R,R,R,R,R,R,R,R
CGG,R,R,R,R,R,R,R,R,R,R,R,R,R,R,R,R,R,R,R,R,R,R,R,R,R,R,R
ATT,I,I,I,I,I,I,I,I,I,I,I,I,I,I,I,I,I,I,I,I,I,I,I,I,I,I,I
ATC,I,I,I,I,I,I,I,I,I,I,I,I,I,I,I,I,I,I,I,I,I,I,I,I,I,I,I
ATA,I,M,M,I,M,I,I,I,I,I,M,I,I,I,M,I,I,I,I,I,I,I,I,I,I,I,I
ATG,M,M,M,M,M,M,M,M,M,M,M,M,M,M,M,M,M,M,M,M,M,M,M,M,M,M,M
ACT,T,T,T,T,T,T,T,T,T,T,T,T,T,T,T,T,T,T,T,T,T,T,T,T,T,T,T
ACC,T,T,T,T,T,T,T,T,T,T,T,T,T,T,T,T,T,T,T,T,T,T,T,T,T,T,T
ACA,T,T,T,T,T,T,T,T,T,T,T,T,T,T,T,T,T,T,T,T,T,T,T,T,T,T,T
ACG,T,T,T,T,T,T,T,T,T,T,T,T,T,T,T,T,T,T,T,T,T,T,T,T,T,T,T
AAT,N,N,N,N,N,N,N,N,N,N,N,N,N,N,N,N,N,N,N,N,N,N,N,N,N,N,N
AAC,N,N,N,N,N,N,N,N,N,N,N,N,N,N,N,N,N,N,N,N,N,N,N,N,N,N,N
AAA,K,K,K,K,K,K,N,K,K,K,K,N,K,K,N,K,K,K,K,K,K,K,K,K,K,K,K
AAG,K,K,K,K,K,K,K,K,K,K,K,K,K,K,K,K,K,K,K,K,K,K,K,K,K,K,K
AGT,S,S,S,S,S,S,S,S,S,S,S,S,S,S,S,S,S,S,S,S,S,S,S,S,S,S,S
AGC,S,S,S,S,S,S,S,S,S,S,S,S,S,S,S,S,S,S,S,S,S,S,S,S,S,S,S
AGA,R,*,R,R,S,R,S,R,R,R,G,S,R,R,S,R,R,S,R,R,R,R,R,R,R,R,S
AGG,R,*,R,R,S,R,S,R,R,R,G,S,R,R,S,R,R,K,R,R,R,R,R,R,R,R,K
GTT,V,V,V,V,V,V,V,V,V,V,V,V,V,V,V,V,V,V,V,V,V,V,V,V,V,V,V
GTC,V,V,V,V,V,V,V,V,V,V,V,V,V,V,V,V,V,V,V,V,V,V,V,V,V,V,V
GTA,V,V,V,V,V,V,V,V,V,V,V,V,V,V,V,V,V,V,V,V,V,V,V,V,V,V,V
GTG,V,V,V,V,V,V,V,V,V,V,V,V,V,V,V,V,V,V,V,V,V,V,V,V,V,V,V
GCT,A,A,A,A,A,A,A,A,A,A,A,A,A,A,A,A,A,A,A,A,A,A,A,A,A,A,A
GCC,A,A,A,A,A,A,A,A,A,A,A,A,A,A,A,A,A,A,A,A,A,A,A,A,A,A,A
GCA,A,A,A,A,A,A,A,A,A,A,A,A,A,A,A,A,A,A,A,A,A,A,A,A,A,A,A
GCG,A,A,A,A,A,A,A,A,A,A,A,A,A,A,A,A,A,A,A,A,A,A,A,A,A,A,A
GAT,D,D,D,D,D,D,D,D,D,D,D,D,D,D,D,D,D,D,D,D,D,D,D,D,D,D,D
GAC,D,D,D,D,D,D,D,D,D,D,D,D,D,D,D,D,D,D,D,D,D,D,D,D,D,D,D
GAA,E,E,E,E,E,E,E,E,E,E,E,E,E,E,E,E,E,E,E,E,E,E,E,E,E,E,E
GAG,E,E,E,E,E,E,E,E,E,E,E,E,E,E,E,E,E,E,E,E,E,E,E,E,E,E,E
GGT,G,G,G,G,G,G,G,G,G,G,G,G,G,G,G,G,G,G,G,G,G,G,G,G,G,G,G
GGC,G,G,G,G,G,G,G,G,G,G,G,G,G,G,G,G,G,G,G,G,G,G,G,G,G,G,G
GGA,G,G,G,G,G,G,G,G,G,G,G,G,G,G,G,G,G,G,G,G,G,G,G,G,G,G,G
GGG,G,G,G,G,G,G,G,G,G,G,G,G,G,G,G,G,G,G,G,G,G,G,G,G,G,G,G
